{
  "my": {
    "name": "crw"
  },
  "app": {
    "name": "Alain",
    "description": "Ng-zorro admin panel front-end framework"
  },
  "user": {
    "name": "Admin",
    "avatar": "./assets/tmp/img/avatar.jpg",
    "email": "cipchk@qq.com"
  },
  "menu": [
    {
      "text": "主导航",
      "i18n": "menu.main",
      "group": true,
      "hideInBreadcrumb": true,
      "children": [
        {
          "text": "团队管理",
          "i18n": "menu.team",
          "icon": "anticon-team",
          "children": [
            {
              "text": "团队列表",
              "link": "/team-management/team-list",
              "i18n": "menu.team.list"
            },
            {
              "text": "分析页",
              "link": "/dashboard/monitor",
              "i18n": "menu.dashboard.monitor"
            }
          ]
        },
        {
          "text": "团队审批",
          "link": "/dashboard/files-management",
          "i18n": "menu.shortcut",
          "icon": "anticon-rocket",
          "shortcutRoot": true,
          "children": []
        }
      ]
    }
  ]
}
